,naive,nsb,hdp
0.0625,0.6467468016481768,0.6930800563434061,0.3183777082464675
0.125,0.6585994378208831,0.6802919282470634,0.3509267701774718
0.25,0.6635075742576498,0.6740255070682902,0.33914145414282343
0.5,0.6513777800359201,0.656550738496912,0.364767868177511
1.0,0.6603163491952273,0.6628610447073058,0.36490852349225794
